{"cameraMode":{"drawMode":0,"name":"Shaded","section":"Shading Mode"},"sceneLighting":false,"audioPlay":false,"sceneViewState":{"m_AlwaysRefresh":false,"showFog":true,"showSkybox":false,"showFlares":true,"showImageEffects":true,"showParticleSystems":true,"showVisualEffectGraphs":true,"m_FxEnabled":true},"in2DMode":false,"pivot":{"x":489.0899963378906,"y":0.9670000076293945,"z":521.4400024414063},"rotation":{"x":-0.004579764325171709,"y":-0.9878227114677429,"z":0.15620766580104829,"w":-0.017157942056655885},"size":0.3301814794540405,"orthographic":false}